<?xml version="1.0" encoding="UTF-8"?>
<!DOCTYPE mapper PUBLIC "-//mybatis.org//DTD Mapper 3.0//EN" "http://mybatis.org/dtd/mybatis-3-mapper.dtd">
<mapper namespace="com.wieex.modules.ums.mapper.UmsRoleMapper">

    <!-- 通用查询映射结果 -->
    <resultMap id="BaseResultMap" type="com.wieex.modules.ums.model.UmsRole">
        <id column="id" property="id"/>
        <result column="name" property="name"/>
        <result column="description" property="description"/>
        <result column="admin_count" property="adminCount"/>
        <result column="create_time" property="createTime"/>
        <result column="status" property="status"/>
        <result column="sort" property="sort"/>
    </resultMap>

    <select id="getRoleList" resultType="com.wieex.modules.ums.model.UmsRole">
        select r.*
        from ums_admin_role_relation ar
                 left join ums_role r on ar.role_id = r.id
        where ar.admin_id = #{adminId}
    </select>

</mapper>
